{"stats":{"minecraft:killed":{"minecraft:skeleton":2,"minecraft:sheep":5,"minecraft:zombie":3,"minecraft:cow":3},"minecraft:used":{"minecraft:cooked_mutton":5,"minecraft:moss_carpet":1,"minecraft:stone_pickaxe":184,"minecraft:wooden_pickaxe":10,"minecraft:leather_boots":1,"minecraft:torch":29,"minecraft:crafting_table":5,"minecraft:white_bed":1,"minecraft:mud":1,"minecraft:mangrove_propagule":1,"minecraft:stone_axe":22,"minecraft:cobblestone":8,"minecraft:furnace":2,"minecraft:cobbled_deepslate":4},"minecraft:custom":{"minecraft:interact_with_furnace":13,"minecraft:mob_kills":14,"minecraft:interact_with_crafting_table":12,"minecraft:leave_game":2,"minecraft:time_since_death":36715,"minecraft:climb_one_cm":1574,"minecraft:time_since_rest":36715,"minecraft:sprint_one_cm":57295,"minecraft:damage_taken":205,"minecraft:walk_one_cm":158595,"minecraft:drop":3,"minecraft:damage_dealt":1689,"minecraft:swim_one_cm":2228,"minecraft:fly_one_cm":70689,"minecraft:crouch_one_cm":2313,"minecraft:play_time":36715,"minecraft:sneak_time":1453,"minecraft:walk_under_water_one_cm":6048,"minecraft:jump":577,"minecraft:walk_on_water_one_cm":10728,"minecraft:total_world_time":36715,"minecraft:fall_one_cm":12810},"minecraft:crafted":{"minecraft:cooked_beef":4,"minecraft:oak_planks":24,"minecraft:leather_boots":1,"minecraft:crafting_table":1,"minecraft:wooden_pickaxe":1,"minecraft:iron_helmet":1,"minecraft:furnace":1,"minecraft:stone_axe":1,"minecraft:cooked_mutton":8,"minecraft:air":0,"minecraft:iron_boots":1,"minecraft:iron_chestplate":1,"minecraft:stick":16,"minecraft:iron_ingot":48,"minecraft:stone_pickaxe":2,"minecraft:iron_leggings":1,"minecraft:white_bed":1,"minecraft:torch":32},"minecraft:mined":{"minecraft:large_amethyst_bud":1,"minecraft:mangrove_roots":4,"minecraft:crafting_table":4,"minecraft:torch":2,"minecraft:cobblestone":2,"minecraft:mangrove_propagule":5,"minecraft:wall_torch":2,"minecraft:furnace":1,"minecraft:mud":1,"minecraft:iron_ore":25,"minecraft:grass":2,"minecraft:coal_ore":67,"minecraft:oak_log":6,"minecraft:deepslate_iron_ore":23,"minecraft:smooth_basalt":1,"minecraft:stone":68,"minecraft:deepslate":5},"minecraft:broken":{"minecraft:stone_pickaxe":1},"minecraft:picked_up":{"minecraft:mud":1,"minecraft:crafting_table":4,"minecraft:leather":6,"minecraft:oak_log":6,"minecraft:moss_carpet":1,"minecraft:bone":3,"minecraft:cobbled_deepslate":5,"minecraft:beef":7,"minecraft:egg":3,"minecraft:furnace":1,"minecraft:raw_iron":48,"minecraft:smooth_basalt":1,"minecraft:torch":4,"minecraft:rotten_flesh":2,"minecraft:mangrove_roots":4,"minecraft:coal":67,"minecraft:mutton":8,"minecraft:mangrove_propagule":2,"minecraft:white_wool":5,"minecraft:cobblestone":70},"minecraft:dropped":{"minecraft:mangrove_propagule":1,"minecraft:leather":2,"minecraft:bone":2}},"DataVersion":3465}