{
  "minecraft:recipes/misc/charcoal": {
    "criteria": {
      "has_log": "2024-05-16 04:31:41 +0000"
    },
    "done": true
  },
  "minecraft:recipes/decorations/crafting_table": {
    "criteria": {
      "unlock_right_away": "2024-05-16 04:31:11 +0000"
    },
    "done": true
  },
  "minecraft:recipes/building_blocks/oak_planks": {
    "criteria": {
      "has_logs": "2024-05-16 04:31:41 +0000"
    },
    "done": true
  },
  "minecraft:adventure/adventuring_time": {
    "criteria": {
      "minecraft:forest": "2024-05-16 04:31:37 +0000",
      "minecraft:plains": "2024-05-16 04:31:12 +0000"
    },
    "done": false
  },
  "minecraft:recipes/building_blocks/oak_wood": {
    "criteria": {
      "has_log": "2024-05-16 04:31:41 +0000"
    },
    "done": true
  },
  "DataVersion": 3465
}